title,id,type,meta:prenom,meta:nom,meta:titre,tag:genre,time:begin,time:end,meta:pays,meta:domaine,content:description en français,content:description en anglais,meta:lien wikipédia
Paul Otlet,1,Otlet,Paul,Otlet,Fondateur du Mundaneum et juriste,Homme,1868,1944,Belgique,Bibliographie,"Paul Otlet est la tête pensante du Mundaneum, qui est le lieu de rassemblement de la connaissance qui héberge notamment le Répertoire Bibliographique Universel. Il a consacré toute sa vie à développer cet organisme ainsi que le réseau de personnalités et d'institutions qui l'entourent.","Paul Otlet is the mind behind the Mundaneum, a milestone in the history of data collection, host to the Répertoire Bibliographique Universel (National Bibliographic Directory). He spent his life developping this organisation and the network of people and institutions surrounding it.",https://fr.wikipedia.org/wiki/Paul_Otlet
Suzanne Briet,2,Personne,Suzanne,Briet,« Madame documentation »,Femme,1894,1989,France,"Documentation, Sciences de l'information","Suzanne Briet est une bibliothécaire, pionnière des sciences de l'information et de la communication (SIC) en France. Elle joue un rôle central dans la professionnalisation de la documentation à travers l'Union française des organismes de documentation (UFOD) et l'Institut national des techniques documentaires (INTD). Elle est également vice-présidente de la Fédération internationale de documentation (FID, ex-IIB). Son ouvrage de 1951, « Qu'est-ce que la documentation ? », a fait l'objet de plusieurs travaux de recherches.","Suzanne Briet is a librarian, pioneer of Information and Communication Sciences in France. She plays a central part in the professionalization of documentation through the Union française des organismes de la documentation (UFOD) and the Institut national des sciences et techniques de la documentation (INTD). She is also Vice-President of the International Federation of Documentation (FID, former IIB). Her 1951 book, “What is documentation?” was the focus of several research articles and books.",https://fr.wikipedia.org/wiki/Suzanne_Briet
Melvil Dewey,3,Personne,Melvil,Dewey,"Bibliothécaire, auteur de la Classification décimale",Homme,1851,1931,Etats-Unis,"Classification, Bibliothèque","Mevil Dewey est un bibliothécaire américain. Il révolutionne l'organisation des bibliothèques aux Etats-Unis, notamment en 1876 où il publie sa classification décimale. Il crée  également l'American Library Association ainsi que le Library Journal. Il met en place des structures professionnelles d'apprentissage pour les bibliothécaires.","Mevil Dewey was an American librarian. He revolutionised the organisation of libraries in the United States, notably in 1876 when he published his decimal classification. He also founded the American Library Association and the Library Journal. He set up professional training structures for librarians.",https://fr.wikipedia.org/wiki/Melvil_Dewey
Emanuel Goldberg,4,Personne,Emanuel,Goldberg,Inventeur du sélecteur rapide de microfilm,Homme,1881,1970,"Allemagne, Israël","Physique, Chimie, Optique, Photographie","Emanuel Goldberg est un inventeur, parmi les plus grands de son époque dans le domaine de l'optique et de la photographie. Né à Moscou, il vit en Allemagne. Il est diplômé de l'institut de chimie de Wilhelm Ostwald à Leipzig en 1906. Enlevé par les nazis en 1933, il fuit à Paris puis s'installe au Moyen-Orient. Il invente un sélecteur et projecteur de microfilms qu'il appelle machine statistique, premier système automatisé de recherche d'information.Ce dispositif est alors considérablement en avance sur son temps.","Emanuel Goldberg is an inventor, among the greatest of his time in the field of optics and photography. Born in Moscow, he lives in Germany. He graduated from the Wilhelm Ostwald Institute of Chemistry in Leipzig in 1906. Kidnapped by the Nazis in 1933, he fled to Paris and then settled in the Middle East. He invented a microfilm selector and projector, which he called a statistical machine, the first automated information retrieval system, which was considerably ahead of its time..",https://fr.wikipedia.org/wiki/Emanuel_Goldberg
Robert Goldschmidt,5,Personne,Robert,Goldschmidt,Co-inventeur avec Otlet de la microfiche,Homme,1877,1935,Belgique,"Chimie, Radio, Electricité, TSF","Docteur en sciences belge, Robert Goldschmidt se distingue pour ses innovations techniques comme le dirigeable, la télégraphie ou la transmission sans fil. Il met au point le procédé du microfilm. Avec Otlet, il travaille sur un dispositif de bibliothèque mobile reposant sur des ouvrages microfichés : le bibliophoto.","A Belgian doctor of science, Robert Goldschmidt stands out for his technical innovations — the airship, telegraphy and wireless transmission. He develops the microfilm and, with Otlet, a mobile library device based on microfiche books.",https://fr.wikipedia.org/wiki/Robert_Goldschmidt
Henri La Fontaine,6,Personne,Henri,La Fontaine,"Homme politique, co-fondateur du Mundaneum",Homme,1854,1943,Belgique,"Pacifisme, Bibliographie, Politique","Henri La Fontaine est un homme politique socialiste. En 1913, il obtient le Prix Nobel de la Paix. Avec Paul Otlet, il collabore à un vaste réseau intellectuel en faveur de la connaissance et milite autour d'associations internationales pour la paix et pour les droits des femmes.","Henri La Fontaine is a socialist politician. In 1913, he was awarded the Nobel Peace Prize. With Paul Otlet, he collaborates to a vast intellectual network in favour of knowledge and militates around international associations for peace and women's rights.",https://fr.wikipedia.org/wiki/Henri_La_Fontaine
Léonie La Fontaine,7,Personne,Léonie,La Fontaine,Fondatrice de l'Office central de documentation féminine,Femme,1857,1949,Belgique,"Féminisme, Bibliographie","Féministe et pacifiste, Léonie La Fontaine se distingue par son engagement dans des associations belges et internationales pour défendre les droits des femmes, tel le Conseil national des femmes belges (CNFB). Elle participe au projet du Mundaneum en y intégrant des thèses féministes et tient à son domicile une bibliothèque pour faciliter l’orientation des filles dans leurs choix professionnels. La bibliothèque de l'association L'Université des Femmes porte son nom. C'est la sœur cadette de Henri La Fontaine.","A feminist and pacifist, Léonie La Fontaine is distinguished by her involvement in Belgian and international associations to defend women's rights, such as the CNFB. She participates in the Mundaneum project by integrating feminist theses and maintains a library in her home to facilitate the orientation of girls in their professional choices. The library of the association L'Université des Femmes bears her name. She is the sister of Henri La Fontaine.",https://fr.wikipedia.org/wiki/L%C3%A9onie_La_Fontaine
Otto Neurath,8,Personne,Otto,Neurath,"Sociologue, membre du Cercle de Vienne",Homme,1882,1945,Autriche,"Musée, Sociologie","Philosophe et sociologue autrichien, Otto Neurath crée un musée socio-économique à Vienne. Il développe un langage de représentation quantitative des données : l'Isotype. Il construit avec Otlet le réseau Mundaneum qu'il va co-diriger depuis la Hollande. Les deux hommes fusionnent même leurs idées dans le projet NOP.","Otto Neurath is an Austrian sociologist and philosopher. He creates a socio-economic museum in Vienna in 1925. He develops a language of quantitative data representation - the Isotype. With Otlet, he builds the Mundaneum network, which he co-directs from Holland. The merging of their ideas is representated by the “NOP” symbol.",https://fr.wikipedia.org/wiki/Otto_Neurath
Robert Pagès,9,Personne,Robert,Pagès,"Intellectuel, théoricien du document",Homme,1919,2007,France,"Documentation, Psychologie","Robert Pagès est connu comme homme de science, psychologue social au CNRS, et ancien résistant. Depuis 2017, il est redécouvert par les sciences de l’information et de la communication du fait de ses écrits contemporains de ceux de Suzanne Briet, notamment l'essai « Transformations documentaires et milieu culturel » (1948) et le concept d'auto-document introduit dans ce dernier.","Robert Pagès is known as a scientist, social psychologist at the CNRS, and former Resistance fighter. Since 2017, he has been rediscovered by the information science community because of his writings contemporary with those of Suzanne Briet, in particular the essay ""Transformations documentaires et milieu culturel"" (1948) and the concept of self-document introduced in the latter.",https://fr.wikipedia.org/wiki/Robert_Pag%C3%A8s
H.G. Wells,10,Personne,Herbert George,Wells,Auteur de « World Brain »,Homme,1866,1946,Royaume-Uni,"Littérature, Anticipation","H.G. Wells fut un écrivain prolifique de science-fiction, également auteur d'œuvres politiques et de vulgarisation scientifique. Il est sensible aux questions sociales, théoricien d'un ""État-Monde"". Il participe également à la rédaction de la Charte des Nations-Unies. Il intervient au Congrès mondial de 1937 suite à l'invitation de Paul Otlet pour présenter une réflexion sur un projet de ""cerveau mondial"" ","H.G. Wells was a prolific writer of science fiction, as well as a writer of political and popular science works. He was sensitive to social issues, a theorist of a ""world-state"". He also participated in the drafting of the United Nations Charter. He took part in the 1937 World Congress at the invitation of Paul Otlet to present a reflection on a ""world brain"" project",https://fr.wikipedia.org/wiki/H._G._Wells
Hippolyte Sébert,11,Personne,Hippolyte,Sébert,"Co-fondateur de l'IIB, spécialiste de l'espéranto",Homme,1839,1930,France,"Bibliographie, Langue universelle, Esperanto, Photographie","Après une carrière militaire, Hyppolite Sébert entame une deuxième vie, consacrée aux sciences. C'est une figure incontournable de l'espéranto. Il anime le bureau bibliographique de Paris depuis 1898, en lien avec l'Institut international de bibliographie (IIB) de Henri La Fontaine et Paul Otlet. Il collabore régulièment avec ces derniers.","After a military career, Hyppolite Sébert began a second life devoted to science. He is a key figure of the Esperanto movement. Beginning in 1898, he is in charge of the Paris Bibliographic Office, in association with Henri La Fontaine and Paul Otlet's International Institute of Bibliography (IIB). The three men collaborate regularly.",https://fr.wikipedia.org/wiki/Hippolyte_Sebert
Die Brücke,12,Institution,,,Institut consacré à l'organisation du savoir et à la standardisation,,1911,1913,Allemagne,"Bibliographie, Documentation","Die Brücke (Internationales Institut zur Organisierung der geistigen Arbeit Die Brücke) est une association bibliographique créée à l'initiative de Wilhem Ostwald. Elle se consacre à la standardisation et à l'organisation internationale du travail intellectuel. Paul Otlet en est nommé président honoraire. Organisme éphémère, ses travaux auront une influence durable, notamment sur l'institut allemand de normalisation (DIN).","Die Brücke (Internationales Institut zur Organisierung der geistigen Arbeit Die Brücke) is the short-lived but influential bibliographical association created on the initiative of Wilhem Ostwald. It is dedicated to the standardization and international organization of intellectual work. Paul Otlet is appointed honorary president. His work will have a great influence, especially on the German Institute for Standardization (DIN).",https://en.wikipedia.org/wiki/Die_Br%C3%BCcke_(institute)
OIB / IIB / FID,13,Institution,,,"OIB, puis IIB et enfin FID",,1895,2002,Belgique,"Bibliographie, Coopération, Documentation","L'Office international de bibliographie (OIB) est fondé en 1895 par Otlet et La Fontaine. Le Répertoire bibliographique universel, qui en constitue la principale réalisation, est un outil intellectuel de partage de la connaissance et de recherche (parfois surnommé « Google de papier »). L'office deviendra successivement Institut international de bibliographie (IIB) puis Fédération internationale de documentation (FID).","The International Bibliography Office was founded in 1895 by Otlet and La Fontaine. The Universal Bibliographic Directory, which is its main output, was an intellectual tool for knowledge sharing and research (sometimes called “a Google of paper”). The Office will successively become the International Bibliography Institute (IIB) and then the International Federation of Documentation (FID).",https://fr.wikipedia.org/wiki/Institut_international_de_bibliographie
Mundaneum,14,Institution,,,Le projet phare de Paul Otlet,,1920,,Belgique,"Coopération, Documentation, Musée","Le Mundaneum est le projet phare de Paul Otlet, dans tous les sens du terme. C'est l'œuvre à laquelle il travaille toute sa vie, celle qui résume sa double ambition en matière d'avancement des connaissances et de paix entre les hommes. Le Mundaneum est à la fois une idée, un réseau et un lieu. Centre intellectuel créé en 1920 au Palais du Cinquantenaire (Bruxelles), il accueille toutes les activités dans lesquelles s'implique Otlet : bibliographie, patrimoine, recherche, coopération internationale, militantisme. Le Mundaneum est aujourd'hui incarné par le musée et centre d'archives du même nom à Mons, en Belgique.","The Mundaneum is Paul Otlet's flagship project, a beacon in every sense of the word. It is the idea he has been working on all his life, representing best his double ambition of advancing both knowledge and peace between men. The Mundaneum is also a network and a place. An intellectual centre created in 1920 at the Palais du Cinquantenaire (Brussels), it hosts all the activities in which Otlet is involved: bibliography, heritage, research, international cooperation, activism. The Mundaneum is today embodied by the museum and archive centre of the same name in Mons, Belgium.",https://fr.wikipedia.org/wiki/Mundaneum
Conférence de Bruxelles 1908,15,Évènement,,,Conférence internationale de bibliographie et de documentation,,1908,,Belgique,"Bibliographie, Documentation",La quatrième conférence internationale de bibliographie et de documentation a lieu à Bruxelles en 1908 à l'initiative de Paul Otlet. Elle jette les bases du congrès qui aura lieu deux ans plus tard.,The fourth international conference on bibliography and documentation took place in Brussels in 1908 on the initiative of Paul Otlet. It laid the foundations for the congress that would take place two years later.,https://catalogue.mundaneum.org/index.php/Detail/objects/120196
Congrès de Bruxelles 1910,16,Évènement,,,Congrès international de bibliographie et de documentation,,1910,,Belgique,"Bibliographie, Documentation","Le premier congrès international de bibliographie et de documentation se tient à Bruxelles en 1910. Il a un grand retentissement et contribue à diffuser plus largement le concept de documentation. 1910 est une année importante pour les travaux de Paul Otlet et Henri La Fontaine en matière de coopération, puisque se tient également un congrès des associations internationales.","The first international congress of bibliography and documentation was held in Brussels in 1910. It had a greater impact than previous meetings and contributed to the wider dissemination of the concept of documentation. 1910 was an important year for Paul Otlet and Henri La Fontaine's efforts towards cooperation, since a congress of international associations was also held.",https://catalogue.mundaneum.org/index.php/Detail/objects/120408
Congrès de Paris 1937,17,Évènement,,,Congrès mondial de la documentation universelle,,1937,,France,"Bibliographie, Documentation","Le premier congrès mondial de la documentation universelle se tient du 16 au 21 août 1937 à Paris, durant l'exposition universelle. Des délégués de 45 pays se réunissent pour discuter des moyens par lesquels toute l'information du monde, sous forme imprimée, manuscrite ou autre, pourrait être efficacement organisée et rendue accessible.","The World Congress of Universal Documentation was held from 16 to 21 August 1937 in Paris, during the Exposition Universelle. Delegates from 45 countries met to discuss means by which all of the world's information, in print, in manuscript, and in other forms, could be efficiently organized and made accessible. ",https://catalogue.mundaneum.org/index.php/Detail/objects/76839
Edouard Otlet,18,Personne,Edouard,Otlet,Père de Paul Otlet,Homme,1842,1907,Belgique,"Industrie, Transports, Famille","Père de Paul Otlet. Entrepreneur investi dans les technologies des transports, il fait fortune grâce au tramway et à travers différentes entreprises qu'il exploite, notamment au Congo belge. Sa mauvaise gestion et une crise économique en 1900 auront raison de son entreprise. Vers la fin de la vie de son père, Paul Otlet intervient pour gérer les restes de cet empire.","Father of Paul Otlet. An entrepreneur invested in transport technology, he made a fortune building tramways and the operation of various companies, including in Belgian Congo. His mismanagement, coupled with an economic crisis in 1900, cost him most of this empire. Towards the end of his father's life, Paul Otlet stepped in to manage the remaining assets and wealth.",https://fr.wikipedia.org/wiki/%C3%89douard_Otlet
Wilhelm Ostwald,19,Personne,Wilhelm,Ostwald,"Chimiste, fondateur de Die Brücke",Homme,1853,1932,Allemagne,"Chimie, Radio, Electricité","Prix Nobel de Chimie en 1909, Wilhelm Ostwald est le créateur de la chimie physique moderne. C'est un universaliste : il imagine une norme monétaire, mais s'investit également dans plusieurs projets de langue internationale comme l'espéranto, sa dérivée l'Ido ou encore le Weltdeutsch. Il fonde Die Brücke en vue d'organiser le travail intellectuel à l'échelle internationale.","Wilhelm Ostwald, winner of the Nobel Prize for Chemistry in 1909, is the creator of modern physical chemistry. He is a universalist: he imagined a monetary standard, and was also invested in several international language projects such as Esperanto, its derivative Ido or Weltdeutsch. He founded Die Brücke with to organize intellectual work on an international scale.",https://fr.wikipedia.org/wiki/Wilhelm_Ostwald
CDU,20,Œuvre,,,Classification décimale universelle,,1895,,Belgique,"Classification, Documentation","La classification décimale universelle (CDU) est un système de classification de bibliothèque développé par Paul Otlet et Henri La Fontaine à l’Institut international de bibliographie en 1895, à partir de la classification décimale de Dewey (CDD), et avec l’autorisation de Melvil Dewey. Elle a connu plusieurs éditions depuis 1905. Elle a été traduite en 40 langues.","The Universal Decimal Classification (UDC) is a library classification system developed by Paul Otlet and Henri La Fontaine at the International Bibliography Institute (IIB) in 1895, based on the Dewey Decimal Classification (DDC), and with the permission of Melvil Dewey. It has been published several times since 1905. It has been translated into 40 languages.",https://fr.wikipedia.org/wiki/Classification_d%C3%A9cimale_universelle
INTD,21,Institution,,,Institut national des techniques de la documentation,,1950,,France,Documentation,"L’Institut national des sciences et techniques de la documentation (INTD) est un institut du Conservatoire national des arts et métiers (CNAM), formant des spécialistes de l’information et de la documentation. Il a été fondé en 1950 et se trouve à Paris. Sa première directrice était Suzanne Briet.","The Institut national des sciences et techniques de la documentation (INTD) is an institute of the Conservatoire national des arts et métiers (CNAM), training information and documentation specialists. It was founded in 1950 and is located in Paris. Its first director was Suzanne Briet.",https://fr.wikipedia.org/wiki/Institut_national_des_techniques_de_la_documentation
Georges Lorphèvre,22,Personne,Georges,Lorphèvre,Secrétaire d'Otlet au Mundaneum,Homme,1912,1997,Belgique,Documentation,"Georges Lorphèvre est un proche collaborateur de Paul Otlet, prenant la relève de Louis Masure en tant que secrétaire personnel. Après la mort d'Otlet, il continue à enrichir les collections au Mundaneum.","Georges Lorphèvre is a close collaborator of Paul Otlet, taking over from Louis Masure as personal secretary. After Otlet's death, he continued to enrich the collections at the Mundaneum.",
Cato Van Nederhasselt,23,Personne,Cato,Van Nederhasselt,Épouse de Paul Otlet,Femme,1864,1958,Belgique,Mécénat,"Cato Van Nederhasselt, de nationalité hollandaise, est issue d'une famille aisée. Elle devient la seconde femme de Paul Otlet et soutient les projets de son mari, notamment financièrement. ","Cato Van Nederhasselt, a Dutch national, comes from a wealthy family. She becomes Paul Otlet's second wife and supports her husband's projects, including financially. ",
Le Corbusier,24,Personne,,Le Corbusier,Architecte,Homme,1887,1965,"France, Suisse",Architecture,"Charles-Edouard Jeanneret, dit le Corbusier, est un architecte représentatif du mouvement moderne. Son style est largement dominé par le fonctionnalisme. Il échange avec Otlet au sujet des projets de cité mondiale. Le projet est d'ailleurs un temps envisagé du côté de Genève.","Le Corbusier is an architect of the modern movement, whose style is driven by functional design. He worked closely with Paul Otlet regarding the World City project, which he imagined could be located near Geneva.",https://fr.wikipedia.org/wiki/Le_Corbusier
Auguste Beernaert,25,Personne,Auguste,Beernaert,Politicien et prix Nobel,Homme,1829,1912,Belgique,"Pacifisme, Politique","Homme politique catholique, Auguste Beernaert reçoit le prix Nobel de la paix en 1909. Il représente la Belgique au premier Congrès de la Paix à La Haye en 1899.","A Catholic politician, Auguste Beernaert was awarded the Nobel Peace Prize in 1909. He represented Belgium at the first peace congress of La Haye in 1899.",https://fr.wikipedia.org/wiki/Auguste_Beernaert
Charles Buls,26,Personne,Charles,Buls,"Homme politique, fondateur de la ligue de l'enseignement",Homme,1837,1914,Belgique,"Sociologie, Enseignement","Bourgmestre de la ville de Bruxelles, Charles Buls est un ardent défenseur du patrimoine. Il crée la Ligue de l'enseignement belge. Franc-maçon, il appartenait à la même loge que Henri La Fontaine, Les Amis Philanthropes.","Mayor of Brussels (1881-1899), Charles Buls was a liberal politician and the founder of the Ligue de l'Enseignement. A freemason, he belonged to the same lodge as Henri La Fontaine, Les Amis Philanthropes.",https://fr.wikipedia.org/wiki/Charles_Buls
Andrew Carnegie,27,Personne,Andrew,Carnegie,"Magnat de l'industrie, mécène des bibliothèques",Homme,1835,1919,Etats-Unis,"Industrie, Pacifisme, Bibliothèque, Mécénat","Magnat de l'industrie, Andrew Carnegie consacrera sa fortune à de nombreuses fondations philanthropiques comme celle pour la paix internationale ou celles dédiées aux bibliothèques dans le monde.","Andrew Carnegie was an industry tycoon who devoted his fortune to numerous philanthropic foundations, supporting in particular international peace and libraries around the world.
",https://fr.wikipedia.org/wiki/Andrew_Carnegie
Louis Couturat,28,Personne,Louis,Couturat,"Philosophe, mathématicien, inventeur de l'Ido",Homme,1868,1914,France,"Langue universelle, Philosophie, Mathématique","Mathématicien et philosophe français, Louis Couturat est un pacifiste engagé dans la défense d'une langue internationale, l'IDO.","A mathematician and philosopher, Louis Couturat is also a pacifist committed to the defence of an international language, IDO.",https://fr.wikipedia.org/wiki/Louis_Couturat
Ovide Decroly,29,Personne,Ovide,Decroly,"Médecin, pédagogue réformateur",Homme,1871,1932,Belgique,"Pédagogie, Médecine, Sociologie","Pédagogue et médecin, Ovide Decroly s'intéresse aux troubles de l'enfant. Membre du mouvement d'Education nouvelle, il développe une approche psychologique inédite surnommée le «plan Decroly».","Ovide Decroly was a Belgian teacher and psychologist. He mainly worked with mentally handicapped children, and created a new pedagogical approach nicknamed the ""Decroly plan"".",https://fr.wikipedia.org/wiki/Ovide_Decroly
Hector Denis,30,Personne,Hector,Denis,Recteur de l'Université Libre de Bruxelles,Homme,1842,1913,Belgique,"Sociologie, Université","Recteur de l'Université Libre de Bruxelles (ULB) et Membre de la société des études sociales et politiques, Hector Denis déclenche une grave crise universitaire en invitant l'anarchiste Elisée Reclus en 1892. Ceci résultera en un schisme deux ans plus tard, avec la création de l'Université nouvelle autour des partisans d'une réforme sociale.","Hector Denis was the rector of the Université Libre de Bruxelles (1892-1894) and a member of the Society of Social and Political Studies. He triggered a serious crisis in Belgian academe by inviting anarchist Elisée Reclus as a lecturer at Brussels University in 1892. This ultimately caused a schism, with the departure of social reform partisans to found the Université Libre two years later.",https://fr.wikipedia.org/wiki/Hector_Denis
Edouard Descamps,31,Personne,Edouard,Descamps,"Homme politique, pacifiste",Homme,1847,1933,Belgique,"Bibliographie, Pacifisme, Culture","Edouard Descamps est un homme politique catholique belge, pacifiste et anti-esclavagiste. En 1907, il obtient le premier portefeuille de la culture en Belgique (Ministère des sciences et des Arts).","Edouard Descamps is a Belgian Catholic politician. A pacifist and anti-slavery activist, he obtained the first ministry dedicated to culture in Belgium in 1907 (Ministry of Science and Arts).",https://fr.wikipedia.org/wiki/%C3%89douard_Descamps
Adolphe Ferrière,32,Personne,Adolphe,Ferrière,"Pédagogue, partisan d'une école nouvelle",Homme,1879,1960,Suisse,Pédagogie,"Pédagogue suisse, Adolphe Ferrière est un des fondateurs du mouvement de l'éducation nouvelle. En 1921, il crée la Ligue internationale pour l'éducation nouvelle, dont il rédige la charte.","A Swiss pedagogue, Adolphe Ferrière is one of the founders of the new education movement. In 1921, he created the International League for New Education, whose charter he drafted.",https://fr.wikipedia.org/wiki/Adolphe_Ferri%C3%A8re
Alfred Hermann Fried,33,Personne,Alfred Hermann,Fried,"Journaliste, pacifiste, partisan de l'espéranto",Homme,1864,1921,Autriche,Pacifisme,Alfred Hermann Fried est libraire puis journaliste militant. Il obtient le prix Nobel de la paix en 1911. Il est l'auteur d'un manuel et de dictionnaires d'Esperanto., Alfred Hermann Fried was first a bookseller and then a militant journalist. He was awarded the Nobel Peace Prize in 1911. He is the author of an Esperanto manual and several dictionaries.,https://fr.wikipedia.org/wiki/Alfred_Hermann_Fried
Patrick Geddes,34,Personne,Patrick,Geddes,"Savant, penseur et précurseur influent",Homme,1854,1932,Écosse,"Biologie, Sociologie, Urbanisme","Théoricien majeur de l'urbanisme, Patrick Geddes introduit la notion d'environnement dans le développement des villes. Il crée de multiples projets architecturaux, urbanistiques et encyclopédiques. Son Collège des Écossais est une tentative de cité universitaire internationale. Il échange pendant des années avec Paul Otlet en langue française.","Patrick Geddes, a major theorist of urban planning, introduces the notion of environment in the development of cities. He led multiple architectural, urban planning and encyclopaedic projects. His Collège des Écossais (Scots College) is an attempt to create an international university city. He corresponded with Paul Otlet in French for many years.",https://fr.wikipedia.org/wiki/Patrick_Geddes
Herbert Haviland Field,35,Personne,Herbert Haviland,Field,Fondateur du Concilium Bibliographicum,Homme,1876,1921,Etats-Unis,"Bibliographie, Zoologie","Fondateur du Concilium Bibliographicum, Herbert Haviland Field publie les bibliographies de zoologie et de physiologie. Pour cela, il améliore la classification de Dewey dans ces matières.",Herbert Haviland Field founded the Concilium Bibliographicum and published various bibliographies in the field of zoology and physiology. He improves the Dewey classification in these subjects.,https://en.wikipedia.org/wiki/Herbert_Haviland_Field
Paul Héger,36,Personne,Paul,Héger,"Biologiste, recteur de l'Université libre de Bruxelles",Homme,1846,1925,Belgique,"Physiologie, Sociologie","Oncle de Paul Otlet et médecin précurseur et recteur de l'Université libre de Bruxelles, Paul Héger développe un enseignement plus expérimental de la médecine. Son travail lui vaut le soutien de l'industriel Ernest Solvay pour la création de l'Institut de Physiologie.","The uncle of Paul Otlet, Paul Héger was a pioneering doctor and rector of the Université libre de Bruxelles. He developed a more experimental approach to medical education. His work earned him the support of industrialist Ernest Solvay for the creation of the Institute of Physiology.",https://fr.wikipedia.org/wiki/Paul_H%C3%A9ger
Josefa Joteyko,37,Personne,Josefa,Ioteyko,"Médecin, spécialiste de pédagogie",Femme,1866,1928,Pologne,"Pédagogie, Physiologie","Docteure en médecine, Josefa Joteyko s'interesse à la psychologie du travail et devient cheffe de travaux en psychophysiologie. Elle fonde la Faculté internationale de pédologie après le premier congrès de pédologie de 1911 et devient membre de la Société des Nations.",Josefa Joteyko is a doctor of medicine and is interested in occupational psychology and becomes head of work in psychophysiology. She founded the Institute of Pedology after the 1911 congress and became a member of the League of Nations.,https://fr.wikipedia.org/wiki/J%C3%B3zefa_Joteyko
Georges Lecointe,38,Personne,Georges,Lecointe,Militaire et scientifique,Homme,1869,1929,Belgique,Géographie,"Georges Lecointe est membre de la seconde expédition polaire belge aux côtés d'Adrien de Gerlache sur le Belgica. Il devient directeur de la section astronomie de l'observatoire d'Uccle, puis directeur de l'observatoire. Il dirige également l'Institut polaire international qui fait partie de l'OIB.","George Lecointe is one of the member of the Polar expedition on the Belgica. He became the director of the astronomy branch of the Uccle observatory, then director of the observatory. He also heads the International Polar Institute which is part of the OIB.",https://fr.wikipedia.org/wiki/Georges_Lecointe_(officier)
Léon Losseau,39,Personne,Léon,Losseau,"Bibliophile et mécène, contributeur à la CDU",Homme,1869,1949,Belgique,"Bibliographie, Droit, Mécénat","Avocat bibliophile, Léon Losseau a contribué à la conception de la CDU et plus précisément de la classe 3, consacrée au droit et aux sciences sociales. C'est aussi un collectionneur de médailles et l'auteur d'une encyclopédie dédiée au Hainaut.","Léon Losseau, a bibliophile lawyer, contributed to the conception of the CDU and more precisely of class 3, devoted to law and social sciences. He is also a medal collector and the author of an encyclopaedia dedicated to Hainaut.",https://fr.wikipedia.org/wiki/L%C3%A9on_Losseau
Octave Maus,40,Personne,Octave,Maus,"Écrivain, esthéte, critique d'art",Homme,1856,1919,Belgique,"Art, Presse","Avocat et critique d'art, Octave Maus participe au mouvement de la Libre-Esthétique. Aux côtés de Vandervelde et de Picard, il anime la revue L' Art Moderne.","This lawyer and art critic participated in the free-aesthetic movement. He directed, with Vendervelde and Picard, the Art Moderne magazine.",https://fr.wikipedia.org/wiki/Octave_Maus
Gaston Moch,41,Personne,Gaston,Moch,"Ancien militaire, pacifiste et espérantiste
",Homme,1859,1935,France,"Pacifisme, Langue universelle, Espéranto","Après une carrière dans l'armée française, Gaston Moch se consacre au pacifisme. Espérantiste, il s'engage dans la défense des droits de l'homme.","After a career in the French army, Gaston Moch devoted himself to pacifism. An Esperantist, he is committed to the defence of human rights.",https://fr.wikipedia.org/wiki/Gaston_Moch
Frédéric Passy,42,Personne,Frédéric,Passy,Economiste et pacifiste,Homme,1822,1912,France,"Pacifisme, Sociologie, Économie","Cet économiste et homme politique français est un pionnier du mouvement pacifiste et s'engage pour le féminisme, contre l'esclavagisme. Il est lauréat du Prix Nobel de la paix en 1901.",This French economist and politician is a pioneer of the pacifist movement and is committed to feminism and against slavery. He was awarded the Nobel Peace Prize in 1901.,https://fr.wikipedia.org/wiki/Fr%C3%A9d%C3%A9ric_Passy
Edmond Picard,43,Personne,Edmond,Picard,"Avocat, juriste
",Homme,1836,1924,Belgique,"Droit, Encyclopédie, Art, Université","Figure imposante du barreau, ce juriste met au point une encyclopédie de la jurisprudence belge (les pandectes). Ami d'Edouard Otlet, il engage Paul Otlet sur ce chantier immense. En politique, il se bat pour le suffrage universel et devient sénateur socialiste.",This important jurist wrote an encyclopedia about Belgian jurisprudence. He got himself involved in politics where he fought for the universal suffrage and became a socialist senator.,https://fr.wikipedia.org/wiki/Edmond_Picard
Marie Popelin,44,Personne,Marie,Popelin,Docteure en droit et féministe,Femme,1846,1913,Belgique,"Droit, Féminisme","Diplômée en droit, Marie Popelin crée en 1892 la première association féministe belge, la Ligue du droit des femmes. Son action est déterminante pour la revendication de nouveaux droits.",Marie Popelin was a Belgian lawyer and early feminist political campaigner. She created the first ever Belgian feminist association. Her actions are major in the achievements of gender equality.,https://fr.wikipedia.org/wiki/Marie_Popelin
Charles Richet,45,Personne,Charles,Richet,"Savant, pacifiste",Homme,1850,1935,France,"Physiologie, Bibliographie","Pacifiste et patriote, Charles Richet est un physiologue français qui obtient le prix nobel de médecine en 1913. Il participe à la CDU. Certains de ses travaux sont jugés désormais eugénistes. Il effectue également des recherches sur le paranormal.","Pacifist and patriot, Charles Richet is a French physiologist who won the Nobel Prize for Medicine in 1913. He participates in the CDU. Some of his works are now judged eugenics. He also carries out research on the paranormal.",https://fr.wikipedia.org/wiki/Charles_Richet
Nikolaï Roubakine,46,Personne,Nikolaï,Roubakine,"Écrivain, bibliographe",Homme,1862,1946,Russie,Bibliothèque,"Nicolaï Roubakine consacre toute sa vie au livre, passion dont il hérite avec une immense bibliothèque de sa mère bibliothécaire. Ses sympathies pour les socialistes révolutionnaires le poussent à s'expatrier. Ami de Paul Otlet, ils collaborent sur les questions bibliographiques et éducatives.","Nicolaï Roubakine devoted his whole life to books, a passion he inherited with a huge library from his librarian mother. His sympathies for the revolutionary socialists led him to expatriate. He collaborated with Otlet on bibliographic and educational issues.",https://fr.wikipedia.org/wiki/Nikola%C3%AF_Roubakine
Jules Siegfried,47,Personne,Jules,Siegfried,"Avocat, homme politique, féministe",Homme,1837,1922,France,"Pacifisme, Féminisme, Enseignement",Jules Siegfried est un homme politique français. Il fait passer une loi qui favorise l'habitation à bon marché.,Jules Siegfried is a French politician. He passes a law that favours cheap housing.,https://fr.wikipedia.org/wiki/Jules_Siegfried
Ernest Solvay,48,Personne,Ernest,Solvay,"Entrepreneur, chimiste et inventeur",Homme,1838,1822,Belgique,"Industrie, Sociologie, Mécénat","Ami de Paul Otlet et instigateur de projets et d'institutions scientifiques et documentaires, la réussite d'Ernest Solvay est due à fabrication de la soude. Il investit sa fortune dans la recherche scientifique et notamment dans les congrès internationaux de Physique et de Chimie. Voir aussi l'exposition virtuelle qui lui est consacrée au Mundaneum : https://artsandculture.google.com/exhibit/QQ8X_Kko?hl=fr","Friend of Paul Otlet, Ernest Solvay was a chemist and inventor, his success was due to the invention of a major industrial process for the production of sodium carbonate. He invested his fortune in scientific research and in the organisation of many international science congress.See also the virtual exhibition dedicated to him at the Mundaneum: https://artsandculture.google.com/exhibit/QQ8X_Kko?hl=fr",https://fr.wikipedia.org/wiki/Ernest_Solvay
Emile Vandervelde,49,Personne,Emile,Vandervelde,Homme politique socialiste,Homme,1856,1938,Belgique,"Sociologie, Socialisme",Emile Vandervelde est le président du parti socialiste belge (POB). Le suffrage des femmes et la démocratie sociale caractérisent sa politique. Il enseigne à l'Université libre de Bruxelles. Il fait partie des administrateurs de l'Institut de sociologie fondé par Solvay.,Emile Vandervelde was the director of the Belgian Socialist Party. He was an advocate of the women's suffrage and social democracy. He teaches at the Free University of Brussels. He is one of the administrators of the Institute of Sociology founded by Solvay.,https://fr.wikipedia.org/wiki/%C3%89mile_Vandervelde
Cyrille Van Overbergh,50,Personne,Cyrille,Van Overbergh,Sociologue et homme politique,Homme,1866,1959,Belgique,"Sociologie, Socialisme","Homme politique, il a été secrétaire général du Ministère des sciences et des arts, et directeur général de l'Enseignement supérieur, des Sciences et des Lettres, Belgique en 1910. Il dirige l'Union des associations internationales avec Otlet et La Fontaine. Sociologue, il est membre de l'Institut de sociologie Solvay et de l'Institut international de sociologie.","A politician, he was Secretary General of the Ministry of Science and the Arts, and Director General of Higher Education, Sciences and Letters, Belgium in 1910. He heads the Union of International Associations with Otlet and La Fontaine. A sociologist, he is a member of the Solvay Institute of Sociology and of the International Institute of Sociology.",https://nl.wikipedia.org/wiki/Cyrille_Van_Overbergh
Emile Verhaeren,51,Personne,Emile,Verhaeren,"Poète, critique d'art",Homme,1855,1916,Belgique,"Art, Littérature","Poète et critique d'art passionné, Emile Verhaeren atteint la renommée mondiale pour son avant-garde et son expressionnisme. Son oeuvre est traduite et discutée de son vivant. Ami d'Edmond Picard, il participe à la revue L' Art Moderne. Il est cousin germain de Maria Van Mons, la mère de Paul Otlet.","Emile Verhaeren, a poet and passionate art critic, achieved worldwide fame for his avant-garde and expressionism. His work was translated and discussed during his lifetime. He was a friend of Edmond Picard and contributed to the journal L' Art Moderne. He was the first cousin of Maria Van Mons, the mother of Paul Otlet.",https://fr.wikipedia.org/wiki/%C3%89mile_Verhaeren
Bertha Von Suttner,52,Personne,Bertha,Von Suttner,"Écrivaine, pacifiste",Homme,1843,1914,Autriche,"Pacifisme, Presse, Littérature","Bertha Von Suttner est une militante pacifiste autrichienne, connue notamment grâce à son roman Bas les Armes. Elle reçoit le Prix Nobel de la paix en 1905.","Bertha Von Suttner was an Austrian pacifist activist, best known for her novel Down with Arms. She was awarded the Nobel Peace Prize in 1905.",https://fr.wikipedia.org/wiki/Bertha_von_Suttner
Emile Waxweiler,53,Personne,Emile,Waxweiler,"Ingénieur, directeur de l'Institut de sociologie",Homme,1867,1916,Belgique,"Sociologie, Pédagogie","Premier directeur de l'Institut de sociologie fondé par Solvay, Emile Waxweiler est un statisticien qui se spécialise dans la sociologie fonctionnelle. À l'Université libre de Bruxelles, c'est un pédagogue réformateur.","The first director of the Institute of Sociology founded by Solvay, Emile Waxweiler is a statistician who specialises in functional sociology. At the Université libre de Bruxelles, he was a reformist educator.",https://fr.wikipedia.org/wiki/%C3%89mile_Waxweiler
Institut de Sociologie Solvay,54,Institution,,,"Institution savante, voisine de l'OIB",,1902,,Belgique,Sociologie,"En Belgique, la question sociale agite l'élite politique progressiste. L' Institut de sociologie est mis en place sous l'impulsion d'Ernest Solvay. Il s'appuye sur des groupes d'études spécialisés et des semaines sociales. L’institut de sociologie Solvay a été précédé d’un Institut des sciences sociales fondé en 1894 à l’Hôtel Ravenstein. Dans le même bâtiment se trouvait l’Office international de bibliographie sociologique créé l’année précédente par Otlet et La Fontaine. Ces deux institutions, proches physiquement comme intellectuellement, coopérèrent de manière fructueuse pendant quelques années. Toutes deux étaient dédiées à des sciences naissantes et liées entre elles.","In Belgium, the social question agitates the progressive political elite. The Institute of Sociology was set up under the impetus of Ernest Solvay. It is supported by specialized study groups and social weeks. The Solvay Institute of Sociology was preceded by an Institute of Social Sciences founded in 1894 at the Hotel Ravenstein. In the same building was the International Office for Sociological Bibliography created the previous year by Otlet and La Fontaine. These two institutions, which were close both physically and intellectually, cooperated fruitfully for some years. Both were dedicated to emerging and related sciences.",https://en.wikipedia.org/wiki/Solvay_Institute_of_Sociology
Société d'études sociales et politiques,55,Institution,,,Institution savante,,1890,,Belgique,"Sociologie, Politique","Cette société créée en 1890 par Auguste Couvreur, mélange de personnalités progressistes, se structure autour d'une bibliothèque, d'un service bibliographique et d'une revue.","This society, created in 1890 by Auguste Couvreur, a mix of progressive personalities, is structured around a library, a bibliographic service and a journal.",
Congrès universels de la Paix,56,Institution,,,Institution,,1889,1939,,Pacifisme,"Première réalisation du mouvement pacifiste, les Congrès universels de la Paix se réunissent annuellement depuis 1889.","The first achievement of the peace movement, the Universal Peace Congresses have met annually since 1889.",https://fr.wikipedia.org/wiki/Congr%C3%A8s_universels_pour_la_paix
Union interparlementaire,57,Institution,,,Acteur de la coopération institutionnelle multilatérale,,1889,,,"Pacifisme, Politique","Regroupement des parlements souverains, l'UI est une institution internationale politique dont la création est dominée en 1889 par le pacifisme.","A grouping of sovereign parliaments, the IU is a political international institution whose creation in 1889 was dominated by pacifism.",https://fr.wikipedia.org/wiki/Union_interparlementaire
L'Art moderne,58,Institution,,,"Revue d'art, carrefour intellectuel",,1881,1914,Belgique,"Art, Presse","Cette revue d'art est créée par Edmond Picard, Octave Maus et Emile Verhaeren. Elle est le symbole de l'art social. Véritable expression culturelle et artistique, cette revue est à la pointe de la modernité.","This art magazine was created by Edmond Picard, Octave Maus and Emile Verhaeren. It is a symbol of social art. A true cultural and artistic expression, this magazine is at the cutting edge of modernity.",https://fr.wikipedia.org/wiki/L%27Art_moderne
Université nouvelle de Bruxelles,59,Institution,,,Université indépendante et gratuite,,1894,1919,Belgique,"Education, Université","Née d'une crise démocratique de l'Université de Bruxelles, l'université nouvelle propose un enseignement universitaire gratuit de 1894 à 1919. De cette expérience demeure l'institut des Hautes études de Belgique.","Born out of a democratic crisis at the University of Brussels, the new university offered free university education from 1894 to 1919. From this experience remains the Institut des Hautes Etudes de Belgique.",https://fr.wikipedia.org/wiki/Universit%C3%A9_nouvelle_de_Bruxelles
Frits Donker Duyvis,60,Personne,Frits,Donker Duyvis,Successeur de Paul Otlet à la direction de la FID,Homme,1894,1961,Pays-Bas,"Documentation, Bibliothèque",Frits Donker Duyvis est un bibliothécaire néerlandais qui prend la suite d'Otlet dans les activités de la Fédération internationale de la documentation (FID).,Frits Donker Duyvis is a Dutch librarian who took over Otlet's activities within the International Federation of Documentation (FID).,
Bureau International de la Paix,61,Institution,,,Plus ancienne organisation mondiale en faveur de la paix,,1891,,Suisse,Pacifisme,"Créé en 1891, le Bureau international de la paix (BIP) se charge de coordonner l'activité des différentes associations pacifistes.","Created in 1891, the Internation Peace Bureau (IPB) is in charge of coordinating the activities of the various pacifist associations.",https://fr.wikipedia.org/wiki/Bureau_international_de_la_paix
Institut de Physiologie Solvay,62,Institution,,,Institution-sœur de l'Institut de Sociologie,,1891,,Belgique,Physiologie,L' institut de physiologie est créé en 1891 à l'initiative d'Ernest Solvay à l'Université Libre de Bruxelles et est situé dans le parc Léopold de Bruxelles. Son premier directeur est Paul Héger. Il va être le lieu des conférences Solvay qui vont accueillir les plus grands noms de la physique de l'époque.,The Institute of Physiology was created in 1891 on the initiative of Ernest Solvay at the Université Libre de Bruxelles and it is located in the Parc Léopold in Brussels. Its first director was Paul Héger. It was to be the venue for the Solvay conferences that were to welcome the greatest names in physics at the time.,https://data.bnf.fr/11749215/institut_solvay_de_physiologie_bruxelles/
Institut de Pédologie,63,Institution,,,Institution,,,,Belgique,Pédagogie,"L' Institut de pédologie désigne le projet d'une nouvelle science : la pédologie en tant que science de l'enfance et de l'éducation. Le concept de pédologie va rester dominant jusqu'à ce que s'impose celui de sciences de l'éducation. Le projet est porté par une volonté transdisciplinaire et les travaux de collecte documentaire, de prise de notes, de Ferrière, Claparède. L' institut repose sur l'institut Rousseau de Genève.","The Institute of Pedology refers to the project of the new science: pedology as a science of childhood and education. The concept of pedology will remain dominant until the concept of educational science becomes dominant. The project is carried by a transdisciplinary will and the work of documentary collection, note-taking, de Ferrière, Claparède. The institute is based at the Rousseau Institute in Geneva.",
Prix Nobel,64,Institution,,,"Récompenses prestigieuses, dont le prix Nobel de la paix",,1901,,Suède,"Science, Pacifisme","Association créée à l'initiative d'Alfred Nobel, elle attribue chaque année depuis 1901 des prix dont le Nobel de la Paix.","Association created on the initiative of Alfred Nobel, it has awarded prizes (including the Nobel Peace Prize) every year since 1901.",https://fr.wikipedia.org/wiki/Prix_Nobel
Congrès international des habitations à bon marché,65,Institution,,,Mouvement qui fait émerger la question du logement,,1889,,Belgique,Urbanisme,"Le premier Congrès international des habitations à bon marché est organisé en 1889 à Paris. Par la suite, il se constitue en un comité permanent situé à Bruxelles qui sert de lien entre les acteurs de ce secteur.","The first Congrès international des habitations à bon marché was held in 1889 in Paris. Subsequently, a permanent committee was set up in Brussels to serve as a link between the players in this sector.",
Conseil de Physique,66,Institution,,,Institution,,,,,Physique,Le conseil de Physique ou conseil international de Physique désigne les congrès Solvay qui vont réunir des savants de premier ordre.,The Physics Council or International Physics Council designates the Solvay congresses that will bring together leading scientists.,https://fr.wikipedia.org/wiki/Habitation_%C3%A0_bon_march%C3%A9
Union de la presse périodique belge,67,Institution,,,Institution,,1891,,Belgique,Presse,Cette association réunit des professionnels de la presse liée au projet du Musée international de la presse dont le but est la conservation des journaux parus sous forme d'un dépôt légal officieux. Paul Otlet en est le vice-président puis le président à la suite d'Octave Maus.,This association brings together press professionals linked to the International Press Museum project whose aim is the conservation of newspapers published in the form of an unofficial legal deposit. Paul Otlet is the vice-president and then the president following Octave Maus.,https://fr.wikipedia.org/wiki/Mus%C3%A9e_international_de_la_presse
Anna Oderfeld,68,Personne,Anne,Oderfeld,Elle collabore à des projets éducatifs et muséaux. Elle fait notamment partie avec Otlet et Neurath du projet NOP. ,Femme,1895,1958,Pologne,Éducation,Anne ou Anna Oderfeld travaille avec Paul Otlet et Otto Neurath (NOP). Elle développe des travaux dans les domaines éducatifs et au niveau de la didactique des musées.,Works with Paul Otlet and Otto Neurath (NOP). She develops work in educational fields and museum didactics.,
Concilium Bibliographicum,69,Institution,,,Institution partenaire,,1895,1914,"USA, Suisse","Documentation, Bibliographie","Le Concilium Bibliographicum, l’une des plus grandes initiatives d’information scientifique du début du XXe siècle, a été créé par un zoologiste américain idéaliste, Herbert Haviland Field, à Zurich, en 1895. L 'objectif était de fournir une couverture complète de la littérature scientifique sur la zoologie dans toutes les langues en utilisant les techniques les plus sophistiquées alors disponibles: fiches de catalogue  pour plus de flexibilité, une recherche rapide et une mise à jour constante; et recherche rapide et description du sujet rigoureusement détaillée à l'aide de la classification décimale universelle mise au point à l'Institut international de bibliographie par Paul Otlet et Henri La Fontaine à Bruxelles (Belgique), également créée en 1895. L'objectif était de fournir un service d'abonnement bimensuel ou mensuel sur des fiches pouvant être classées par sujet pour fournir une bibliographie toujours à jour sur la zoologie et la littérature associée","The Concilium Bibliographicum, one of largest science information initiatives of the early twentieth century, was created by an idealistic American zoologist, Herbert Haviland Field in Zurich, Switzerland, in 1895.  The objective was to provide complete coverage of the scholarly literature on zoology in all languages using the most sophisticated techniques then available: catalog cards for flexibility, rapid search,  and constant updating; and quick search and rigorously detailed subject  description using the Universal Decimal Classification being developed at the International Institute for Bibliography by Paul Otlet and Henri La Fontaine in Brussels, Belgium, also established in 1895. The plan was to provide a bi-monthly or monthly subscription service on cards which  could be filed cumulatively by subject to provide an always up-to-date  bibliography on zoology and related literature "" ",https://en.wikipedia.org/wiki/Concilium_Bibliographicum
NOP,70,Institution,,,Projet partagé de Paul Otlet et Otto Neurath,,,,"Belgique, Autriche","Documentation, bibliographie, muséologie","NOP ou ""Novus Orbis Pictus"" voire New Orbis Neurath to Paul Otlet, July Pictus NOP désigne aussi ""Neurath Otto-Otlet Paul"". C'est un projet commun entre les deux hommes pour rassembler des projets type Mundaneum, encyclopédie et plus particulièrement mettre en place des expositions didactiques.","NOP or ""Novus Orbis Pictus"" or New Orbis Neurath to Paul Otlet, July Pictus NOP also stands for ""Neurath Otto-Otlet Paul"". It is a joint project between the two men to bring together projects such as Mundaneum, encyclopedia and more specifically to set up didactic exhibitions.",
Elisée Reclus,71,Personne,Elisée,Reclus,Sociologue et anarchiste,Homme,,,France,"Géographie, Sociologie, Anarchisme","Elisée Reclus est un géographe et sociologue nommé à l'Université Libre de Bruxelles, ce qui va amener la scission. Soutenu à l'époque par Henri La Fontaine, il a aussi échangé avec Paul Otlet.","Elisée Reclus is a geographer and sociologist appointed at the Université Libre de Bruxelles, which will lead to the split. Supported at the time by Henri La Fontaine, he also exchanged views with Paul Otlet.",
Hendrik Christian Andersen,72,Personne,Hendrik Christian,Andersen,"Sculpteur, projet de cité mondiale",Homme,,,"USA, Norvège",Architecture,Andersen va être le principal partenaire pour la réalisation des plans de la cité mondiale.,Andersen will be the main partner for the realisation of the plans for the world city.,https://fr.wikipedia.org/wiki/Hendrik_Christian_Andersen
Cité Mondiale,73,Institution,,,Institution,,,,,Politique,"Projet international voire supranational d'un cité idéale dans laquelle seraient regroupées les institutions de pouvoir, de savoir et de paix.","International or even supranational project of an ideal city in which the institutions of power, knowledge and peace would be grouped together.",https://fr.wikipedia.org/wiki/Cit%C3%A9_mondiale
Ernest Hébrard,74,Personne,Ernest,Hébrard,"Architecte
",Homme,,,France,"Architecture, Urbanisme, Archéologie",Hébrard participe activement aux réflexions et aux pistes de développement d'une cité mondiale.,"Hébrard actively participates in the reflections and the tracks of development of a ""world city"".",https://fr.wikipedia.org/wiki/Ernest_H%C3%A9brard
Shiyali Ramamrita Ranganathan,75,Personne,Shiyali Ramamrita,Ranganathan,Bibliothécaire,Homme,1892,1972,Inde,Bibliothéconomie,Ranganathan est un mathématicien qui devient bibliothécaire après avoir été recruté durant un concours en Inde. Il décide alors de se former à la bibliothéconomique en Angleterre. Il propose une nouvelle classification moins occidentale : la classification à facettes. Il élabore les 5 lois de la bibliothéconomie.,"Ranganathan was a mathematician who became a librarian after being recruited during a competition in India. He then decided to train in librarianship in England. He proposed a new, less occidental classification: the faceted classification. It develops the 5 laws of library science.",https://fr.wikipedia.org/wiki/Shiyali_Ramamrita_Ranganathan
Watson Davis,76,Personne,Watson,Davis,Créateur de l'Institut américain de documentation,Homme,,,Etats-Unis,Documentation,"Davis est le créateur de l'Institut américain de documentation, basé sur les idées de Paul Otlet.","Davis is the creator of the American Documentation Institute, inspired by the ideas of Paul Otlet.
",https://en.wikipedia.org/wiki/Watson_Davis
Edouard Claparède,77,Personne,Edouard,Claparède,"Médecin, neurologue et psychologue",Homme,1873,1940,Suisse,"Médecine, Education","Ami de Paul Otlet avec qui il échange notamment durant les périodes du transfert potentiel du Mundaneum en Suisse. Docteur, neurologiste et psychologue, il consacre ses travaux à l'éducation des enfants.","Friend of Paul Otlet with whom he exchanges during periods of possible transfer from the Mundaneum to Switzerland. Doctor, neurologist and psychologist, he devotes his work to the education of children.",https://fr.wikipedia.org/wiki/%C3%89douard_Clapar%C3%A8de
Gaston Mertens,78,Personne,Gaston,Mertens,Collectionneur et soutien de la presse,Homme,,,Belgique,Presse,"Membre de l'Union de la presse périodique belge, Gaston Mertens est un collectionneur de journaux. Il collabore activement à la création du Musée de la Presse. C'est un ami de Paul Otlet.",This newpaper collector became a member of the Belgian Press Union. He helped in the creation of the Press Museum. Friend of Otlet,
Louis Masure,79,Personne,Louis,Masure,Secrétaire de l'IIB,Homme,,,Belgique,Bibliographie,"Louis Masure devient en 1896 collaborateur de l'Institut International de Bibliographie. En tant que secrétaire, il réalise un travail important auprès de Paul Otlet et Henri La Fontaine: gestion du personnel et suivi des travaux.",Louis Masure starts working for the International Federation for Information and Documentation in 1896 where he works closely with Otlet and La Fontaine on personnel management and work monitoring.,
Charles Sury,80,Personne,Charles,Sury,Bibliothécaire de l'IIB,Homme,,,Belgique,"Sociologie, Bibliothèque, Féminisme","Bibliothécaire au sein de l'IIB, Charles Sury rejoint la bibliothèque de l'Université.",Charles Sury was the librarian of the International Federation for Information and Documentation,
Congrès de Copenhague,81,Évènement,,,Congrès,,,,Danemark,"Science, Documentation","En 1935 se déroulent à Copenhague, les congrès de documentation et celui pour l'unité de la science","In 1935 took place in Copenhagen, the congress of documentation and the  congress for the unity of science",
Jean Delville,82,Personne,Jean,Delville,Peintre et poète,Homme,1867,1953,Belgique,"Peinture, arts","Jean Delville est un peintre, poète et théoricien de l'art. Il est très influencé dans ses oeuvres par l'ésotérisme. Certaines de ses toiles sont exposées au Palais Mondial et notamment son Prométhée qu'on peut apercevoir sur des photos d'archives.","Jean Delville is a painter, poet and theoretician of art. He is very influenced in his works by esotericism. He will exhibit his paintings at the Palais Mondial and in particular his Prométhée that can be seen on archival photos",https://fr.wikipedia.org/wiki/Jean_Delville
République métapolitique et supranationale,83,Institution,,,Institution,,,,,Politique,Paul Otlet est le représentant pour la Belgique. Le secrétariat du projet est installé au Palais Mondial.,Paul Otlet is the representative for Belgium. The project secretariat is located at the Palais Mondial.,
Henry-Léon Follin,84,Personne,Henri Léon,Follin,Créateur de la République métapolitique et supranationale,Homme,1866,1949,France,"economie, politique","Henry-Léon Follin est un auteur et activiste pour la mise en place d'une institution supranationale et cosmopolitite. Il publie en 1896, un ouvrage ancré dans la doctrine libérale au sens économique.","Henry-Léon Follin is an author and activist for the establishment of a supranational and cosmopolitan institution.In 1896, he published a book with liberal perspectives.
",
François Garas,85,Personne,François,Garas,Architecte et peintre,Homme,1966,,France,architecture/peinture,François Garas est un architecte français qui va être inspiré par les travaux d'Otlet notamment autour du Mundaneum.,"François Garas is a French architect who will be inspired by Otlet's work, especially around the Mundaneum.
",https://fr.wikipedia.org/wiki/Fran%C3%A7ois_Garas
George Sarton,86,Personne,Georges,Sarton,Historien des sciences,Homme,1884,1956,Belgique,histoire des sciences,"Georges Sarton est un historien des sciences. Il donne une conférence en 1913 à l'invitation d'Otlet pour le  second congrès mondial de l'Union des associations internationales. Contraint de fuir la Belgique, il devient universitaire aux Etats-Unis après avoir reçu notamment le soutien de la fondation Carnegie. ","Georges Sarton is a science historian. He gave a conference in 1913 after the invitation of Otlet for the second world congress of the Union of international associations. Forced to flee Belgium, he became an academic in the United States after having received the support of the Carnegie foundation.
",https://fr.wikipedia.org/wiki/George_Sarton
Milisa Coops,87,Personne,Milisa,Coops,Assiste Paul Otlet dans la préparation du Traité de documentation,Femme,1912,2006,Pays-Bas,"Bibliothéconomie, documentation","Wilhelmina Emilia Suzanna Coops, dit Milisa Coops est la fille de Johan Willem Georg Coops, un ami à Paul Otlet. Elle vient aider Paul Otlet dans sa tâche de mettre en forme le traité de Documentation. Elle appelle Otlet son oncle. Elle fait par la suite une carrière en tant que bibliothécaire notamment à l'Unesco.","Wilhelmina Emilia Suzanna Coops, known as Milisa Coops is the daughter of Johan Willem Georg Coops, a friend of Paul Otlet. She comes to help Paul Otlet in his task of formatting the Treatise on Documentation. She calls Otlet her uncle. She then made a career as a librarian, notably at Unesco",
Adolphe Quetelet,88,Personne,Adolphe,Quetelet,Chercheur,Homme,1796,1874,Belgique,"mathématicien, astronome, naturaliste et statisticien","Lambert Adolphe Jacques Quetelet est un scientifique éclectique à l'origine de nombreuses insitutions scientifiques, notamment un observatoire à Bruxelle, le premier congrès international de statistique et la première conférence maritime internationale débouchant sur la création de l’Organisation météorologique internationale.","Lambert Adolphe Jacques Quetelet is an eclectic scientist who initiated many scientific institutions, including an observatory in Brussels, the first international congress of statistics and the first international maritime conference leading to the creation of the International Meteorological Organization.",https://fr.wikipedia.org/wiki/Adolphe_Quetelet
Albert Thomas,89,Personne,Albert,Thomas,Militant,Homme,1878,1932,France,homme politique,"C'est un militant syndicaliste, membre de la Section française de l'Internationale ouvrière (SFIO) qui deviendra le Parti socialiste français. Il est durant la Première Guerre mondiale le ministre en charge de l'armement et du travail en temps de guerre. Il devient par la suite le premier directeur du Bureau international du travail, institution rattachée à la Société des Nations (SDN).","He is a trade unionist activist, member of the French Section of the Workers' International (SFIO) which will become the French Socialist Party. During the First World War, he was the minister in charge of armaments and work in time of war. He later became the first director of the International Labour Office, an institution attached to the League of Nations (League of Nations).",https://fr.wikipedia.org/wiki/Albert_Thomas_(homme_politique)
Aleksandr Nikolaevich Briantchaninoff de Starya Lipy,90,Personne,Aleksandr Nikolaevich Briantchaninoff,de Starya Lipy,Diplomate,Homme,1871,1960,Russie,"sociologue, psychologue","Président de l'Association Nationale Russe pour la Ligue des Nations (ANRLN), membre des associations internationales de sociologie et psychologie, il s'investit pour la création d'une ""union fédérative européenne"" ainsi que la Société des Nations (SDN).","President of the Russian National Association for the League of Nations, member of the international associations of sociology and psychology, he is committed to the creation of a ""European federative union"" as well as the League of Nations (League of Nations).",https://gallica.bnf.fr/ark:/12148/bpt6k887188k/f115.image
André Colet,91,Personne,André,Colet,Documentaliste,Homme,1896,1978,Belgique,"enseignant, bibliothécaire",Il a été le secrétaire général du Palais Mondial-Mundaneum après y avoir constibué de nombreuses années. Il fera également d'importants legs à l'institution.,He was the Secretary General of the Palais Mondial-Mundaneum after many years of constibution there. He will also make important legacy to the institution.,
Annie Besant,92,Personne,Annie,Besant,Militant,Femme,1847,1933,Royaume-Uni,"Essayiste, femme politique, journaliste","Annie Besant était une femme politique et théosophe. Elle poursuivit une carrière politique engagée dans la lutte ouvrière, le droit des femmes, la liberté d'opinion et enfin pour l'indépendance de l'Inde. Après ses études en sciences au University College de Londres, elle dispensa des cours publics d'éducation populaire. Elle sera à l'initiative de la  rencontre  entre Otlet, Delville et Khrisnamurti.","Annie Besant was a politician and theosophist. She pursued a political career committed to the workers' struggle, women's rights, freedom of opinion and finally for the independence of India. After her studies in science at University College London, she taught public courses in popular education. She will be at the initiative of the meeting between Otlet, Delville and Khrisnamurti.",https://fr.wikipedia.org/wiki/Annie_Besant
Charles Langlois,93,Personne,Charles,Langlois,Bibliothécaire,Homme,1863,1929,France,historien,"Il entreprend un parcours universitaire dans le domaine de l'histoire et devient directeur des Archives nationales entre 1922 et 1923. Il est élu à l'Académie des inscriptions et belles-lettres en 1917 et la préside en 1925. Entre-temps, il présidera la Société de l'Histoire de France. En tant que juriste, archiviste et intellectuel rayonnant dans le domaine de la connaissance, il s'intéresse aux projets d'Otlet mais il le trouve mégalomane. Il est donc plutôt un adversaire.","He undertakes a university career in history and serves as director of the National Archives between 1922 and 1923. He is elected to the Académie des inscriptions et belles-lettres in 1917 and becomes its president in 1925. In the meantime he is also president of the Société de l'Histoire de France. A jurist, archivist and intellectual figure of knowledge organization, he examines Otlet's projects but perceives him as megalomaniac. He is therefore rather an adversary of the Otlet's projects.",https://fr.wikipedia.org/wiki/Charles-Victor_Langlois
Charles Ami Cutter,94,Personne,Charles Ami,Cutter,Chercheur,Homme,1837,1903,Etats-Unis,bibliothécaire,"Charles souhaitant entrer dans les ordres, il occupe un poste à la bibliothèque de la Havard Divine School en 1856. Sa carrière le mène à devenir un spécialiste des bibliothèques : il devient conservateur en chef et travaille sur sa propre technique de classification, l'Expansive Classification, qui le mènera à entrer en conflit avec Melvil Dewey.","Charles wishing to enter the orders, he took up a position in the library of the Havard Divine School in 1856. His career led him to become a library specialist: he became chief curator and worked on his own classification technique, Expansive Classification, which led him into conflict with Melvil Dewey.",https://www.reseau-canope.fr/savoirscdi/societe-de-linformation/le-monde-du-livre-et-de-la-presse/histoire-du-livre-et-de-la-documentation/biographies/charles-ammi-cutter-1837-1903-bibliothecaire-americain-pere-de-lexpansive-classification.html
Désiré-Joseph Mercier,95,Personne,Désiré-Joseph,Mercier,Militant,Homme,1851,1926,Belgique,"théologien, philosophe","Souvent appelé ""cardinal Mercier"", il est précurseur de l'œcuménisme : rassemblement des différents courants du christianisme, en dépit de leurs différences doctrinales. Alors que la Belgique est occupée par les Allemands, il devient une figure de la résistance morale qu'il incarne dans le pays.","Often referred to as ""Cardinal Mercier"", he is the forerunner of ecumenism: a gathering of the different currents of Christianity, despite their doctrinal differences. While Belgium was occupied by the Germans, he became a figure of the moral resistance he embodied in the country.",https://fr.wikipedia.org/wiki/D%C3%A9sir%C3%A9-Joseph_Mercier
Fellows Dorkas,96,Personne,Fellows,Dorkas,Bibliothécaire,Femme,1873,1938,Etats-Unis,"auteure, enseignante","Elle est auteure et enseigante en catalogage à l'école New York State Library School. Elle a rédigé la Classification Décimal de Melvil Dewey de 1921 à 1937, soit 13 éditions, dont la dernière publiée en 1932 comptant 1 647 pages. Elle meurt durant la préparation de la 14ème édition.","She is an author and cataloguing instructor at the New York State Library School. She wrote Melvil Dewey's Decimal Classification from 1921 to 1937, 13 editions, the last of which was published in 1932 with 1,647 pages. She died during the preparation of the 14th edition.",https://en.wikipedia.org/wiki/Jennie_Dorcas_Fellows
Franz Funck-Brentano,97,Personne,Franz,Funck-Brentano,Opposant,Homme,1862,1947,France,"archiviste, dramaturge, journaliste`","Il catalogue des documents historiques et étudie le Moyen-Âge, L'Ancien Régime, la vie parisienne et d'autres thématiques. Il est amené à étudier la diffusion de la littérature française outre-Atlantique. Présent dans de hautes institutions intellectuelles, il devient conférencier à ce sujet dans de nombreux pays d'Europe et du monde.","He catalogues historical documents and studies the Middle Ages, the Ancien Régime, Parisian life and other themes. He is led to study the diffusion of French literature across the Atlantic. Present in high intellectual institutions, he became a lecturer on this subject in many European and international countries.",https://fr.wikipedia.org/wiki/Frantz_Funck-Brentano
Gabriel Tarde,98,Personne,Gabriel,Tarde,Chercheur,Homme,1843,1904,France,"sociologue, psychologue social","Jean-Gabriel Tarde est un magistrat et spécialiste de la psychologie sociale. Il rejette la théorie selon laquelle la criminalité serait un phénomène physique, lui préférant les aspects sociologiques et psychologiques. Il devient ainsi l'un des premiers penseurs de la criminologie moderne, mais il est éclipsé au profit de l'école durkheimienne, autre grand penseur de ce domaine en ce temps.","Jean-Gabriel Tarde is a magistrate and specialist in social psychology. He rejects the theory that crime is a physical phenomenon, preferring instead the sociological and psychological aspects. He thus became one of the first thinkers of modern criminology, but he was eclipsed in favour of the Durkheimian school, another great thinker in this field at that time.",https://fr.wikipedia.org/wiki/Gabriel_Tarde
Gonzague de Reynold,99,Personne,Gonzague,de Reynold,Théoricien de l'helvétisme,Homme,1880,1970,Suisse,"écrivain, historien","Alors que la Suisse est entrainée dans un conflit interne entre germanophiles et francophiles, Gonzague de Reynold se donne pour mission de réaffirmer et redéfinir l'identité suisse (helvétisme) pour préserver l'indépendance du pays. Il rejoint également plusieurs institution internationales intellectuelles comme à la Société des Nations. Antimondialiste et conservateur, il est hostile aux projets de Paul Otlet.","At a time when Switzerland is embroiled in an internal conflict between Germanophiles and Francophiles, Gonzague de Reynold has set himself the task of reaffirming and redefining the Swiss identity (Helveticism) in order to preserve the country's independence. He also joined several international intellectual institutions such as the League of Nations. Anti-globalist and conservative, he is hostile to Paul Otlet's projects.",https://fr.wikipedia.org/wiki/Gonzague_de_Reynold
Guilaume De Greef,100,Personne,Guilaume,De Greef,Chercheur,Homme,1842,1924,Belgique,"sociologue, universitaire","Professeur agrégé à la Faculté de droit et professeur à l'École des sciences sociales de l'Université nouvelle de Bruxelles, il fonda avec Hector Denis le journal La liberté pour défendre les thèses proudhoniennes. Positiviste, il s'inspira des idées d'Herbert Spencer et de Karl Marx.","Associate Professor at the Faculty of Law and Professor at the School of Social Sciences of the Université nouvelle de Bruxelles, he founded with Hector Denis the newspaper La liberté to defend the proudhonian theses. As a positivist, he was inspired by the ideas of Herbert Spencer and Karl Marx. ",https://fr.wikipedia.org/wiki/Guillaume_De_Greef
Hendrik de Man,101,Personne,Hendrik,de Man,Opposant,Homme,1885,1953,Belgique,"universitaire, homme politique","Militant marxiste, il multiplie les actions militantes et intégre la direction du Parti ouvrier belge (POB). En tant que ministre belge des Travaux publics, puis des Finances, il lance le Plan du Travail pour endiguer le fascisme grandissant, en vain. Pendant l'occupation de la Belgique, il conseillera le roi, encourageant à la collaboration avec les nazis. Il s'exile avant d'être retrouvé et jugé pour avoir ""servi la politique et les desseins de l'ennemi"".","A Marxist militant, he multiplied militant actions and joined the leadership of the Belgian Workers' Party (POB). As Belgian Minister of Public Works, then of Finance, he launched the Labour Plan to curb growing fascism, in vain. During the occupation of Belgium, he advised the king, encouraging collaboration with the Nazis. He went into exile before being found and tried for ""serving the politics and intentions of the enemy"".",https://fr.wikipedia.org/wiki/Henri_de_Man
Henry Evelyn Bliss,102,Personne,Henry Evelyn,Bliss,Opposant,Homme,1870,1955,Etats-Unis,bibliothécaire,"Il est l’inventeur d’un système de classement documentaire alternatif, en rupture avec les systèmes de classifications traditionnels, selon lui, arrêtés à une série de disciplines et dont le mode de référencement est vertical, limitant les références transdisciplinaires. La Bibliographic Classification est publiée en 1940.","He is the inventor of an alternative documentary classification system, which breaks with traditional classification systems, according to him, stopped at a series of disciplines and whose referencing mode is vertical, limiting transdisciplinary references. The Bibliographic Classification was published in 1940.",https://fr.wikipedia.org/wiki/Henry_Evelyn_Bliss
Igor Platounoff,103,Personne,Igor,Platounoff,Collaborateur,Homme,1917,,Belgique,"architecte, musicien","Il est architecte dans plusieurs pays, notamment en Irak, aux États-Unis et en Europe où il collabore avec Le Corbusier et d'autres pairs. Il aide Paul Otlet à plusieurs reprises au niveau logistique.","He is an architect in several countries, including Iraq, the United States and Europe, where he collaborates with Le Corbusier and other peers. He helps Paul Otlet on several occasions with logistics.",
Jules Destree,104,Personne,Jules,Destree,Militant,Homme,1863,1936,Belgique,"homme politique, juriste","Jules Destrée mène une carrière politique au sein du Parti Ouvrier Belge (POB). Il effectue durant la Première Guerre mondiale différentes missions diplomatiques dans le monde. À la fin du conflit, il officie comme Ministre des Arts et des Sciences et créée l'Académie royale de langue et de littérature françaises de Belgique. Il milite également pour l'autonomie culturelle de la Flandre et de la Wallonie.","Jules Destrée leads a political career within the Belgian Workers' Party (POB). During the First World War, he carried out various diplomatic missions around the world. At the end of the conflict, he served as Minister of Arts and Sciences and created the Royal Academy of French Language and Literature of Belgium. He also campaigned for the cultural autonomy of Flanders and Wallonia.",https://fr.wikipedia.org/wiki/Jules_Destr%C3%A9e
Julian Huxley,105,Personne,Julian,Huxley,Chercheur,Homme,1887,1975,Royaume-Uni,biologiste,"Il est le premier directeur de la United Nations Educational, Scientific and Cultural Organization (UNESCO) et a fondé le World Wildlife Fund (WWF). Humaniste, il collabore avec John Dewey et Albert Einstein pour fonder la First Humanist Society de New York. Il est aussi un grand partisan de l'eugénisme ""de gauche"" comme moyen d'amélioration des conditions sociales de la population humaine.","He is the first director of the United Nations Educational, Scientific and Cultural Organization (UNESCO) and founded the World Wildlife Fund (WWF). A humanist, he worked with John Dewey and Albert Einstein to found the First Humanist Society of New York. He is also a strong supporter of ""left-wing"" eugenics as a means of improving the social conditions of the human population.",https://fr.wikipedia.org/wiki/Julian_Huxley
Maria Van Mons,106,Personne,Maria,Van Mons,Mère de Paul Otlet,Femme,,1866,Belgique,Famille,"Mère biologique de Paul Otlet et première femme de son père, Edouard Otlet. Elle meurt trois ans après la naissance de son fils.","Biological mother of Paul Otlet and first wife of his father, Edouard Otlet. She died three years after the birth of her son.",https://books.google.fr/books?id=I0vcDwAAQBAJ&pg=PT12&lpg=PT12&dq=Maria+Van+Mons+mundaneum&source=bl&ots=beageS0vpL&sig=ACfU3U2Z6eM-kaOsGjdoDGYdUyh1qSL2VQ&hl=fr&sa=X&ved=2ahUKEwj2k4em8pzpAhVWDmMBHcaRD-YQ6AEwAXoECAkQAQ#v=onepage&q=Maria%20Van%20Mons%20mundaneum&f=false
Nitobe Inazo,107,Personne,Nitobe,Inazo,Diplomate,Homme,1862,1933,Japon,"éducateur, agronome, juriste","Il devient le premier secrétaire général adjoint de la Société des Nations à sa création en 1920, puis le directeur de la Section des bureaux internationaux qui donnera plus tard l'Organisation des Nations unies pour l'éducation, la science et la culture (Unesco). C’était aussi un fervent chrétien qui mit tout en œuvre pour améliorer la position du Japon dans le monde.","He became the first Under-Secretary-General of the League of Nations when it was founded in 1920, and later the Director of the International Offices Section that would later become the United Nations Educational, Scientific and Cultural Organization (UNESCO). He was also a fervent Christian who worked hard to improve Japan's position in the world.",https://fr.wikipedia.org/wiki/Nitobe_Inaz%C5%8D
Octave Van Rysselberghe,108,Personne,Octave,Van Rysselberghe,Architecte,Homme,1855,1929,Belgique,architecte,"C'est un architecte issu du mouvement de l'Art nouveau. Il participe à la conception de nombreux hôtels touristiques, mais aussi pour des particuliers comme avec l'Hôtel De Brouckère et l'Hôtel Otlet, construit de 1894 à 1898 pour le juriste.","He is an architect resulting from the Art Nouveau movement. He participates in the design of many tourist hotels, but also for private individuals as with the Hotel De Otlet and the Hotel De Brouckère, built from 1894 to 1898 for the lawyer.",https://fr.wikipedia.org/wiki/Octave_Van_Rysselberghe
Paul Panda Farnana,109,Personne,Paul,Panda Farnana,Militant,Homme,1888,1930,Congo,agronome,"Premier Congolais à avoir terminé ses études supérieures en Belgique, il revient au pays comme ""ingénieur d'agriculture coloniale"", mais aussi nationaliste dénonçant avec virulence les méthodes coloniales mises en place par les Belges. Il réclame plus d'égalité et l'accès aux instances décisionnelles belges aux congolais. Il organise avec Paul Otlet et W.E.B Dubois le Deuxième Congrès Panafricain.","The first Congolese to have completed his higher education in Belgium, he returned to the country as a ""colonial agricultural engineer"", but also as a nationalist virulently denouncing the colonial methods put in place by the Belgians. He demands more equality and access to Belgian decision-making bodies for the Congolese. Together with Paul Otlet and W.E.B. Dubois, he organised the Second Pan-African Congress.",https://fr.wikipedia.org/wiki/Paul_Panda_Farnana
Raphaël Deville,110,Personne,Raphaël,Deville,Artiste,Homme,1894,1970,Belgique,architecte,"Avec les architectes Le Corbusier et Stanislas Jasinski, il participe à élaborer les plans de la Cité Mondial-Mundaneum.","With the architects Le Corbusier and Stanislas Jasinski, he took part in drawing up the plans for the Cité Mondial-Mundaneum.",https://www.google.com/url?sa=t&rct=j&q=&esrc=s&source=web&cd=1&ved=2ahUKEwiAhv-s75zpAhWZCWMBHRbxDUkQFjAAegQIARAB&url=https%3A%2F%2Fwww.griffith.edu.au%2F__data%2Fassets%2Fpdf_file%2F0036%2F349776%2FS16_02_Van-Acker_Opening-the-Shrine-of-the-Mundaneum.pdf&usg=AOvVaw312u9cUmW2rCnae2uOmfjE
René Worms,111,Personne,René,Worms,Homme politique,Homme,1869,1926,France,"sociologue, économiste","Il est agrégé de philisophie et fondateur de la Société de Sociologie de Paris. Il participera largement à structurer et constituer sa discipline en tant que science autonome. Il fonda en janvier 1893 la Revue Internationale de Sociologie. Toutefois, il est concurrencé par ses pairs qui divisent ce champ scientifique en plusieurs branches.","He is an agrégé de philisophie and founder of the Société de Sociologie de Paris. He will largely participate in structuring and constituting his discipline as an autonomous science. In January 1893, he founded the International Review of Sociology. However, he was in competition with his peers who divided this scientific field into several branches.",https://fr.wikipedia.org/wiki/Ren%C3%A9_Worms
Rodolph Carnap,112,Personne,Rodolph,Carnap,Chercheur,Homme,1891,1970,Allemagne,philosophe,"Philosophe et mathématicien allemand, il étudie également la physique. Il fuit le nazisme jusqu'aux États-Unis et se consacre à la philosophie des sciences et à la logique :  il va largement travailler sur l'influence du langage sur le sens ainsi que sur la pensée analytique imaginant  même un projet d'arbre généalogique des concepts scientifiques.","A German philosopher and mathematician, he also studied physics. He fled Nazism to the United States and devoted himself to the philosophy of science and logic: he worked extensively on the influence of language on meaning and on analytical thinking, imagining a project for a family tree of scientific concepts.",https://fr.wikipedia.org/wiki/Rudolf_Carnap
Samuel Clement Bradford,113,Personne,Samuel Clement,Bradford,Chercheur,Homme,1878,1948,Royaume-Uni,"mathématicien, bibliothécaire et documentaliste","Ce mathématicien et bibliothécaire britannique a élaboré la ""loi de Bradford"" (ou ""loi de la dispersion"") ouvrant la voie de la bibliométrie et de l'analyse des citations dans les publications scientifiques. Il fonde la British Society for International Bibliography (BSIB) et est nommé président de la Fédération internationale d'information et de documentation (FID).","This British mathematician and librarian developed the ""Bradford's Law"" (or ""Law of Dispersion"") which paved the way for bibliometrics and citation analysis in scientific publications. He founded the British Society for International Bibliography (BSIB) and was appointed President of the International Federation for Information and Documentation (FID).",https://en.wikipedia.org/wiki/Samuel_C._Bradford
Stanislas Jasinski,114,Personne,Stanislas,Jasinski,Chercheur,Homme,1901,1978,Belgique,architecte,"Apprenti architecte, il arrive après la Première Guerre mondiale dans les régions dévastées du Nord de la France. Il voit dans les lambeaux restants des villes une leçon d'anatomie urbanistique. De 1923 à 1924 il travaille à Paris chez plusieurs architectes, dont Charles-Édouard Jeanneret-Gris, dit ""Le Corbusier"". Il travaille plus tard sur de grands ouvrages dont les plans de la cité du Mundaneum.","An apprentice architect, he arrived after the First World War in the devastated regions of northern France. He sees in the remaining shreds of the cities a lesson in urban anatomy. From 1923 to 1924 he worked in Paris with several architects, including Charles-Édouard Jeanneret-Gris, known as ""Le Corbusier"". He later worked on major works including the plans for the Mundaneum city.",https://fr.wikipedia.org/wiki/Stanislas_Jasinski
Valérie Linden,115,Personne,Valérie,Linden,Seconde épouse d'Édouard Otlet,Femme,1851,1944,Belgique,famille,Belle-mère de Paul Otlet et seconde épouse d'Édouard Otlet.,Stepmother of Paul Otlet and second wife of Edouard Otlet,https://www.kaowarsom.be/en/notices_linden_jean
Warden Boyd Rayward,116,Personne,Warden Boyd,Rayward,Chercheur,Homme,1905,,Australie,"libraire, universitaire",Warden Boyd Rayward est chercheur en bibliotéconomie. Il obtient son doctorat et soutient sa thèse en 1973 au sujet de Paul Otlet. Il lui dédie plusieurs articles au cours de sa carrière entre les États-Unis et l'Europe.,Warden Boyd Rayward is a researcher in library science. He received his Ph.D. and defended his thesis in 1973 on Paul Otlet. He dedicates several articles to him during his career between the United States and Europe.,https://en.wikipedia.org/wiki/W._Boyd_Rayward
William DuBois,117,Personne,William,DuBois,Militant,Homme,1868,1963,Etats-Unis,"sociologue, historien, militant","Premier afro-américain à obtenir un doctorat à l'Université Harvard, socialiste et pacifiste convaincu, il voyage dans le monde. Il combat le colonialisme, l'impérialisme que ce soit en Afrique ou en Asie. Il milite pour l'égalité des droits pour les Noirs et organise avec Paul Otlet et Paul Panda Farnana le Deuxième Congrès Panafricain.","The first African-American to earn a doctorate at Harvard University, he is a committed socialist and pacifist and travels the world. He fights colonialism and imperialism in Africa and Asia. He campaigns for equal rights for blacks and organizes with Paul Otlet and Paul Panda Farnana the Second Pan-African Congress.",https://fr.wikipedia.org/wiki/W._E._B._Du_Bois
Godfrey Dewey,118,Personne,Godfrey,Dewey,Bibliothécaire,Homme,1887,1977,Etats-Unis,Bibliothécaire  et sportif ,Bibliothécaire et sportif américain qui va poursuivre le développement de la CDD de son père. Il va également nouer des relations collaboratives avec Otlet pour rapprocher les deux classifications.,American librarian and sportsman who will pursue the development of his father's CDD. He will also establish collaborative relationships with Otlet to reconcile the two classifications.,https://fr.wikipedia.org/wiki/Godfrey_Dewey
UFOD,119,Institution,,,Union française des organismes de documentation,,1932,,France,Documentation,Dispense des formations pour les documentalistes,Provides training for librarians,
Jean Gérard,120,Personne,Jean ,Gérard,Bibliothécaire,Homme,1890,1956,France,"Bibliothéque, IST","Vice-président délégué de la Société de chimie industrielle, président de la Commission permanente d'organisation des congrès internationaux de chimie industrielle, directeur général de la Société de productions documentaires, il est également directeur de périodiques scientifiques et techniques.","Deputy Vice-President of the Société de Chimie Industrielle, President of the Permanent Commission for the Organization of International Industrial Chemistry Congresses, Managing Director of the Société de Productions Documentaires, he is also director of scientific and technical periodicals.",
Georges B. Artsrouni,121,Personne,Georges,Artsrouni,"Ingénieur et inventeur du ""cerveau mécanique""",Homme,1893,1960,France,ingénierie,"Ingénieur français d'origine arménienne, il a étudié à St. Pétersbourg. En 1933, il obtient un brevet pour ce qu'il appelle lui-même son ""cerveau mécanique"". C'était un appareil universel avec de nombreuses utilisations. Ce n'était pas à l'origine une calculatrice mais un dispositif de mémoire universel capable de récupérer et d'imprimer des informations stockées. Artsrouni a suggéré que le dispositif pourrait être utilisé pour produire automatiquement des horaires de train, des annuaires téléphoniques, des codes télégraphiques commerciaux, des relevés bancaires et même des annuaires anthropométriques. Il a été avancé que le dispositif convenait à une utilisation en cryptographie, pour déchiffrer et encoder des messages, ainsi que pour la traduction.","A French engineer of Armenian origin, he studied in St. Petersburg. In 1933, he obtained a patent for what he himself called his ""mechanical brain"". It was a universal device with many uses. It was not originally a calculator but a universal memory device capable of retrieving and printing stored information. Artsrouni suggested that the device could be used to automatically generate train timetables, telephone directories, commercial telegraph codes, bank statements and even anthropometric directories. It has been argued that the device is suitable for use in cryptography, for decrypting and encoding messages, as well as for translation.",
Union des associations internationales,122,Institution,,,Organisation non gouvernementale,,1907,,Belgique,"internationalisme, paix","C'est est une organisation non gouvernementale créée par Paul Otlet et Henri La Fontaine. Actuellement, cette structure est sous le mandat des Nations unies. L'une des activités principales de cette institution est la publication d'un annuaire qui relatent toutes les activités internationales.","It is is a non-governmental organization created by Paul Otlet and Henri La Fontaine. Currently, this structure is under the mandate of the United Nations. One of the main activities of this institution is the publication of a directory which relates all the international activities.",https://fr.wikipedia.org/wiki/Union_des_associations_internationales
Auguste Couvreur,123,Personne,Auguste,Couvreur,Homme politique,Homme,1827,1894,Belgique,"Politique, Enseignement, Sociologie","Homme politique libéral, Auguste Couvreur occupe plusieurs positions importantes durant sa vie : fondateur de la Société d'études sociales et politique, président de la Ligue de l'Enseignement, grand maître du Grand Orient de Belgique. Il rencontre Henri La Fontaine aux Amis Philanthropes.","A liberal politician, Auguste Couvreur held several important positions during his life: founder of the Society for Social and Political Studies, President of the Education League, Grand Master of the Grand Orient of Belgium. He meets Henri La Fontaine at the Amis Philanthropes.",https://fr.wikipedia.org/wiki/Auguste_Couvreur
Les Amis Philanthropes,124,Institution,,,Loge maçonnique belge,,1798,,Belgique,Franc-maçonnerie,"Les Amis philanthropes (AP) est le nom d'une des deux plus anciennes loges maçonniques de Bruxelles, elle fait partie du Grand Orient de Belgique. C'est dans cette loge que sont jetés les bases du libéralisme, de l'anticléricalisme et de l'athéisme militants. ","Les Amis philanthropes (AP) is the name of one of the two oldest masonic lodges in Brussels, it is part of the Grand Orient of Belgium. It is in this lodge that the foundations of militant liberalism, anticlericalism and atheism are laid.",https://fr.wikipedia.org/wiki/Les_Amis_philanthropes
Musée du livre,125,Institution,,,Un musée préfigurateur,,1906,1950,Belgique,"Musée, Livre","Le Musée du livre connaît un début florissant avec de nombreux soutiens. Otlet en est le directeur et fer de lance, avant de peu à peu perdre son emprise. ","The Book Museum had a flourishing start with many supporters. Otlet is its director and spearhead, before gradually losing his influence.",
Jean Capart,126,Personne,Capart,Jean,"Egyptologue, conservateur de musée et acteur de la fermeture du Mundaneum.",Homme,1877,1947,Belgique,Musée,Egyptologue et conservateur de musées qui se plaint de l'influence d'Otlet et de son occupation du Palais du cinquantenaire. Il est un de ceux qui participent à la fermeture du Mundaneum en 1934.,Egyptologist and museum curator who complains about Otlet's influence and his occupation of the Palais du Cinquantenaire. He is one of those who participated in the closure of the Mundaneum in 1934.,https://fr.wikipedia.org/wiki/Jean_Capart
Ernest de Potter,127,Personne,Ernest,Potter,Collectionneur d'image ,Homme,,,,"Musée, Photographie",Acteur du musée de la photographie,Actor of the photography museum,
Mary Kelsey,128,Personne,Mary ,Kelsey,Militante internationale en faveur du pacifisme et du féminisme,Femme,1877,1948,Etats-Unis,"féminisme internationalisme, pacifisme","Mary  Kelsey  est une militante internationaliste, pacifiste et féministe et philanthrope américaine. Elle participe, avec son mari le professeur d'économie Francis W. Kelsey à des activités auprès du Belgian Relief Fund lors du premier conflit mondial. Dans les années 20 elle est la co-organisatrice des conférence d’été de Honfleur avec Jeanne Mélin (féministe francaise). Ces rencontres ayant lieu lors des étés 1923, 1925,1925, doivent favoriser la coopération intellectuelle entre les nations, soustraire les jeunes générations à l’emprise de la guerre en dissipant les malentendus véhiculés par les propagandes nationales. Paul Otlet dans son testament lui écrit une lettre du 27/12/1938 (jamais envoyée) lui demandant si des institutions américaines seraient susceptibles de recueillir son leg intellectuel (Palais Mondial, Mundaneum).","Mary  Kelsey is an American internationalist, pacifist and feminist and philanthropist. With her husband, economics professor Francis W. Kelsey, she participated in activities with the Belgian Relief Fund during the First World War. In the 1920s, she co-organized the Honfleur summer conferences with Jeanne Mélin (French feminist). These meetings, taking place during the summers of 1923, 1925, 1925, should promote intellectual cooperation between nations, remove the younger generations from the grip of war by dispelling the misunderstandings conveyed by national propaganda.
Paul Otlet in his will wrote a letter to her dated 12/27/1938 (never sent) asking him if American institutions would be able to collect his intellectual legacy (Palais Mondial, Mundaneum).",https://hyperotlet-collections.huma-num.fr/s/site/item/695
